{
  "Component.js": 1700034187468,
  "ext/controller/Draftattachment.js": 1700196111960,
  "ext/controller/Upload_file.js": 1700131091693,
  "manifest.json": 1700205190820,
  "i18n/i18n.properties": 1700205141951,
  "Component-preload.js": 1700205191198,
  "ext/controller/Draftattachment-dbg.js": 1700196111960,
  "ext/controller/Upload_file-dbg.js": 1700131091693,
  "Component-dbg.js": 1700034187468,
  "ext/fragment/Draftattachment.fragment.xml": 1700132736194,
  "ext/fragment/DemoFragment.fragment.xml": 1700204784438,
  "index.html": 1700034187468
}